date,category,keyword,platform_type,trend_score
2021-04-01,advice_seeking,Yahoo Answers,forum / Q&A platform,56.0
2021-05-01,advice_seeking,Yahoo Answers,forum / Q&A platform,22.0
2021-06-01,advice_seeking,Yahoo Answers,forum / Q&A platform,14.0
2021-07-01,advice_seeking,Yahoo Answers,forum / Q&A platform,12.0
2021-08-01,advice_seeking,Yahoo Answers,forum / Q&A platform,11.0
2021-09-01,advice_seeking,Yahoo Answers,forum / Q&A platform,10.0
2021-10-01,advice_seeking,Yahoo Answers,forum / Q&A platform,10.0
2021-11-01,advice_seeking,Yahoo Answers,forum / Q&A platform,10.0
2021-12-01,advice_seeking,Yahoo Answers,forum / Q&A platform,8.0
2022-01-01,advice_seeking,Yahoo Answers,forum / Q&A platform,9.0
2022-02-01,advice_seeking,Yahoo Answers,forum / Q&A platform,9.0
2022-03-01,advice_seeking,Yahoo Answers,forum / Q&A platform,8.0
2022-04-01,advice_seeking,Yahoo Answers,forum / Q&A platform,8.0
2022-05-01,advice_seeking,Yahoo Answers,forum / Q&A platform,8.0
2022-06-01,advice_seeking,Yahoo Answers,forum / Q&A platform,7.0
2022-07-01,advice_seeking,Yahoo Answers,forum / Q&A platform,7.0
2022-08-01,advice_seeking,Yahoo Answers,forum / Q&A platform,6.0
2022-09-01,advice_seeking,Yahoo Answers,forum / Q&A platform,6.0
2022-10-01,advice_seeking,Yahoo Answers,forum / Q&A platform,6.0
2022-11-01,advice_seeking,Yahoo Answers,forum / Q&A platform,5.0
2022-12-01,advice_seeking,Yahoo Answers,forum / Q&A platform,5.0
2023-01-01,advice_seeking,Yahoo Answers,forum / Q&A platform,6.0
2023-02-01,advice_seeking,Yahoo Answers,forum / Q&A platform,6.0
2023-03-01,advice_seeking,Yahoo Answers,forum / Q&A platform,5.0
2023-04-01,advice_seeking,Yahoo Answers,forum / Q&A platform,5.0
2023-05-01,advice_seeking,Yahoo Answers,forum / Q&A platform,5.0
2023-06-01,advice_seeking,Yahoo Answers,forum / Q&A platform,6.0
2023-07-01,advice_seeking,Yahoo Answers,forum / Q&A platform,4.0
2023-08-01,advice_seeking,Yahoo Answers,forum / Q&A platform,4.0
2023-09-01,advice_seeking,Yahoo Answers,forum / Q&A platform,4.0
2023-10-01,advice_seeking,Yahoo Answers,forum / Q&A platform,4.0
2023-11-01,advice_seeking,Yahoo Answers,forum / Q&A platform,4.0
2023-12-01,advice_seeking,Yahoo Answers,forum / Q&A platform,4.0
2024-01-01,advice_seeking,Yahoo Answers,forum / Q&A platform,4.0
2024-02-01,advice_seeking,Yahoo Answers,forum / Q&A platform,4.0
2024-03-01,advice_seeking,Yahoo Answers,forum / Q&A platform,4.0
2024-04-01,advice_seeking,Yahoo Answers,forum / Q&A platform,4.0
2024-05-01,advice_seeking,Yahoo Answers,forum / Q&A platform,4.0
2024-06-01,advice_seeking,Yahoo Answers,forum / Q&A platform,3.0
2024-07-01,advice_seeking,Yahoo Answers,forum / Q&A platform,3.0
2024-08-01,advice_seeking,Yahoo Answers,forum / Q&A platform,3.0
2024-09-01,advice_seeking,Yahoo Answers,forum / Q&A platform,3.0
2024-10-01,advice_seeking,Yahoo Answers,forum / Q&A platform,3.0
2024-11-01,advice_seeking,Yahoo Answers,forum / Q&A platform,3.0
2024-12-01,advice_seeking,Yahoo Answers,forum / Q&A platform,3.0
2025-01-01,advice_seeking,Yahoo Answers,forum / Q&A platform,3.0
2025-02-01,advice_seeking,Yahoo Answers,forum / Q&A platform,3.0
2025-03-01,advice_seeking,Yahoo Answers,forum / Q&A platform,4.0
2025-04-01,advice_seeking,Yahoo Answers,forum / Q&A platform,3.0
2025-05-01,advice_seeking,Yahoo Answers,forum / Q&A platform,3.0
2025-06-01,advice_seeking,Yahoo Answers,forum / Q&A platform,3.0
2025-07-01,advice_seeking,Yahoo Answers,forum / Q&A platform,3.0
2025-08-01,advice_seeking,Yahoo Answers,forum / Q&A platform,5.0
2025-09-01,advice_seeking,Yahoo Answers,forum / Q&A platform,4.0
2025-10-01,advice_seeking,Yahoo Answers,forum / Q&A platform,4.0
2025-11-01,advice_seeking,Yahoo Answers,forum / Q&A platform,4.0
2025-12-01,advice_seeking,Yahoo Answers,forum / Q&A platform,4.0
2026-01-01,advice_seeking,Yahoo Answers,forum / Q&A platform,4.0
2026-02-01,advice_seeking,Yahoo Answers,forum / Q&A platform,5.0
2026-03-01,advice_seeking,Yahoo Answers,forum / Q&A platform,5.0
2026-04-01,advice_seeking,Yahoo Answers,forum / Q&A platform,5.0
2021-04-01,advice_seeking,Ask.fm,forum / Q&A platform,13.0
2021-05-01,advice_seeking,Ask.fm,forum / Q&A platform,12.0
2021-06-01,advice_seeking,Ask.fm,forum / Q&A platform,12.0
2021-07-01,advice_seeking,Ask.fm,forum / Q&A platform,11.0
2021-08-01,advice_seeking,Ask.fm,forum / Q&A platform,11.0
2021-09-01,advice_seeking,Ask.fm,forum / Q&A platform,9.0
2021-10-01,advice_seeking,Ask.fm,forum / Q&A platform,9.0
2021-11-01,advice_seeking,Ask.fm,forum / Q&A platform,9.0
2021-12-01,advice_seeking,Ask.fm,forum / Q&A platform,9.0
2022-01-01,advice_seeking,Ask.fm,forum / Q&A platform,10.0
2022-02-01,advice_seeking,Ask.fm,forum / Q&A platform,9.0
2022-03-01,advice_seeking,Ask.fm,forum / Q&A platform,9.0
2022-04-01,advice_seeking,Ask.fm,forum / Q&A platform,9.0
2022-05-01,advice_seeking,Ask.fm,forum / Q&A platform,8.0
2022-06-01,advice_seeking,Ask.fm,forum / Q&A platform,7.0
2022-07-01,advice_seeking,Ask.fm,forum / Q&A platform,8.0
2022-08-01,advice_seeking,Ask.fm,forum / Q&A platform,7.0
2022-09-01,advice_seeking,Ask.fm,forum / Q&A platform,7.0
2022-10-01,advice_seeking,Ask.fm,forum / Q&A platform,6.0
2022-11-01,advice_seeking,Ask.fm,forum / Q&A platform,5.0
2022-12-01,advice_seeking,Ask.fm,forum / Q&A platform,5.0
2023-01-01,advice_seeking,Ask.fm,forum / Q&A platform,6.0
2023-02-01,advice_seeking,Ask.fm,forum / Q&A platform,6.0
2023-03-01,advice_seeking,Ask.fm,forum / Q&A platform,6.0
2023-04-01,advice_seeking,Ask.fm,forum / Q&A platform,5.0
2023-05-01,advice_seeking,Ask.fm,forum / Q&A platform,6.0
2023-06-01,advice_seeking,Ask.fm,forum / Q&A platform,6.0
2023-07-01,advice_seeking,Ask.fm,forum / Q&A platform,6.0
2023-08-01,advice_seeking,Ask.fm,forum / Q&A platform,6.0
2023-09-01,advice_seeking,Ask.fm,forum / Q&A platform,6.0
2023-10-01,advice_seeking,Ask.fm,forum / Q&A platform,6.0
2023-11-01,advice_seeking,Ask.fm,forum / Q&A platform,5.0
2023-12-01,advice_seeking,Ask.fm,forum / Q&A platform,5.0
2024-01-01,advice_seeking,Ask.fm,forum / Q&A platform,5.0
2024-02-01,advice_seeking,Ask.fm,forum / Q&A platform,5.0
2024-03-01,advice_seeking,Ask.fm,forum / Q&A platform,5.0
2024-04-01,advice_seeking,Ask.fm,forum / Q&A platform,5.0
2024-05-01,advice_seeking,Ask.fm,forum / Q&A platform,4.0
2024-06-01,advice_seeking,Ask.fm,forum / Q&A platform,5.0
2024-07-01,advice_seeking,Ask.fm,forum / Q&A platform,4.0
2024-08-01,advice_seeking,Ask.fm,forum / Q&A platform,5.0
2024-09-01,advice_seeking,Ask.fm,forum / Q&A platform,4.0
2024-10-01,advice_seeking,Ask.fm,forum / Q&A platform,4.0
2024-11-01,advice_seeking,Ask.fm,forum / Q&A platform,4.0
2024-12-01,advice_seeking,Ask.fm,forum / Q&A platform,5.0
2025-01-01,advice_seeking,Ask.fm,forum / Q&A platform,5.0
2025-02-01,advice_seeking,Ask.fm,forum / Q&A platform,4.0
2025-03-01,advice_seeking,Ask.fm,forum / Q&A platform,4.0
2025-04-01,advice_seeking,Ask.fm,forum / Q&A platform,4.0
2025-05-01,advice_seeking,Ask.fm,forum / Q&A platform,4.0
2025-06-01,advice_seeking,Ask.fm,forum / Q&A platform,4.0
2025-07-01,advice_seeking,Ask.fm,forum / Q&A platform,4.0
2025-08-01,advice_seeking,Ask.fm,forum / Q&A platform,5.0
2025-09-01,advice_seeking,Ask.fm,forum / Q&A platform,4.0
2025-10-01,advice_seeking,Ask.fm,forum / Q&A platform,3.0
2025-11-01,advice_seeking,Ask.fm,forum / Q&A platform,3.0
2025-12-01,advice_seeking,Ask.fm,forum / Q&A platform,4.0
2026-01-01,advice_seeking,Ask.fm,forum / Q&A platform,5.0
2026-02-01,advice_seeking,Ask.fm,forum / Q&A platform,3.0
2026-03-01,advice_seeking,Ask.fm,forum / Q&A platform,3.0
2026-04-01,advice_seeking,Ask.fm,forum / Q&A platform,3.0
2021-04-01,advice_seeking,ai friend,AI platform,2.0
2021-05-01,advice_seeking,ai friend,AI platform,2.0
2021-06-01,advice_seeking,ai friend,AI platform,2.0
2021-07-01,advice_seeking,ai friend,AI platform,2.0
2021-08-01,advice_seeking,ai friend,AI platform,3.0
2021-09-01,advice_seeking,ai friend,AI platform,3.0
2021-10-01,advice_seeking,ai friend,AI platform,2.0
2021-11-01,advice_seeking,ai friend,AI platform,3.0
2021-12-01,advice_seeking,ai friend,AI platform,3.0
2022-01-01,advice_seeking,ai friend,AI platform,3.0
2022-02-01,advice_seeking,ai friend,AI platform,3.0
2022-03-01,advice_seeking,ai friend,AI platform,3.0
2022-04-01,advice_seeking,ai friend,AI platform,3.0
2022-05-01,advice_seeking,ai friend,AI platform,3.0
2022-06-01,advice_seeking,ai friend,AI platform,3.0
2022-07-01,advice_seeking,ai friend,AI platform,3.0
2022-08-01,advice_seeking,ai friend,AI platform,3.0
2022-09-01,advice_seeking,ai friend,AI platform,3.0
2022-10-01,advice_seeking,ai friend,AI platform,4.0
2022-11-01,advice_seeking,ai friend,AI platform,4.0
2022-12-01,advice_seeking,ai friend,AI platform,5.0
2023-01-01,advice_seeking,ai friend,AI platform,6.0
2023-02-01,advice_seeking,ai friend,AI platform,7.0
2023-03-01,advice_seeking,ai friend,AI platform,8.0
2023-04-01,advice_seeking,ai friend,AI platform,13.0
2023-05-01,advice_seeking,ai friend,AI platform,13.0
2023-06-01,advice_seeking,ai friend,AI platform,12.0
2023-07-01,advice_seeking,ai friend,AI platform,11.0
2023-08-01,advice_seeking,ai friend,AI platform,10.0
2023-09-01,advice_seeking,ai friend,AI platform,10.0
2023-10-01,advice_seeking,ai friend,AI platform,12.0
2023-11-01,advice_seeking,ai friend,AI platform,11.0
2023-12-01,advice_seeking,ai friend,AI platform,13.0
2024-01-01,advice_seeking,ai friend,AI platform,12.0
2024-02-01,advice_seeking,ai friend,AI platform,14.0
2024-03-01,advice_seeking,ai friend,AI platform,13.0
2024-04-01,advice_seeking,ai friend,AI platform,13.0
2024-05-01,advice_seeking,ai friend,AI platform,14.0
2024-06-01,advice_seeking,ai friend,AI platform,14.0
2024-07-01,advice_seeking,ai friend,AI platform,15.0
2024-08-01,advice_seeking,ai friend,AI platform,19.0
2024-09-01,advice_seeking,ai friend,AI platform,16.0
2024-10-01,advice_seeking,ai friend,AI platform,17.0
2024-11-01,advice_seeking,ai friend,AI platform,19.0
2024-12-01,advice_seeking,ai friend,AI platform,18.0
2025-01-01,advice_seeking,ai friend,AI platform,18.0
2025-02-01,advice_seeking,ai friend,AI platform,21.0
2025-03-01,advice_seeking,ai friend,AI platform,21.0
2025-04-01,advice_seeking,ai friend,AI platform,21.0
2025-05-01,advice_seeking,ai friend,AI platform,21.0
2025-06-01,advice_seeking,ai friend,AI platform,26.0
2025-07-01,advice_seeking,ai friend,AI platform,32.0
2025-08-01,advice_seeking,ai friend,AI platform,77.0
2025-09-01,advice_seeking,ai friend,AI platform,83.0
2025-10-01,advice_seeking,ai friend,AI platform,78.0
2025-11-01,advice_seeking,ai friend,AI platform,76.0
2025-12-01,advice_seeking,ai friend,AI platform,88.0
2026-01-01,advice_seeking,ai friend,AI platform,82.0
2026-02-01,advice_seeking,ai friend,AI platform,89.0
2026-03-01,advice_seeking,ai friend,AI platform,100.0
2026-04-01,advice_seeking,ai friend,AI platform,50.0
2021-04-01,general_help_seeking,quora,forum / Q&A platform,70.0
2021-05-01,general_help_seeking,quora,forum / Q&A platform,81.0
2021-06-01,general_help_seeking,quora,forum / Q&A platform,80.0
2021-07-01,general_help_seeking,quora,forum / Q&A platform,79.0
2021-08-01,general_help_seeking,quora,forum / Q&A platform,82.0
2021-09-01,general_help_seeking,quora,forum / Q&A platform,74.0
2021-10-01,general_help_seeking,quora,forum / Q&A platform,77.0
2021-11-01,general_help_seeking,quora,forum / Q&A platform,71.0
2021-12-01,general_help_seeking,quora,forum / Q&A platform,73.0
2022-01-01,general_help_seeking,quora,forum / Q&A platform,81.0
2022-02-01,general_help_seeking,quora,forum / Q&A platform,91.0
2022-03-01,general_help_seeking,quora,forum / Q&A platform,99.0
2022-04-01,general_help_seeking,quora,forum / Q&A platform,100.0
2022-05-01,general_help_seeking,quora,forum / Q&A platform,93.0
2022-06-01,general_help_seeking,quora,forum / Q&A platform,94.0
2022-07-01,general_help_seeking,quora,forum / Q&A platform,98.0
2022-08-01,general_help_seeking,quora,forum / Q&A platform,88.0
2022-09-01,general_help_seeking,quora,forum / Q&A platform,95.0
2022-10-01,general_help_seeking,quora,forum / Q&A platform,85.0
2022-11-01,general_help_seeking,quora,forum / Q&A platform,81.0
2022-12-01,general_help_seeking,quora,forum / Q&A platform,78.0
2023-01-01,general_help_seeking,quora,forum / Q&A platform,82.0
2023-02-01,general_help_seeking,quora,forum / Q&A platform,80.0
2023-03-01,general_help_seeking,quora,forum / Q&A platform,78.0
2023-04-01,general_help_seeking,quora,forum / Q&A platform,74.0
2023-05-01,general_help_seeking,quora,forum / Q&A platform,81.0
2023-06-01,general_help_seeking,quora,forum / Q&A platform,82.0
2023-07-01,general_help_seeking,quora,forum / Q&A platform,84.0
2023-08-01,general_help_seeking,quora,forum / Q&A platform,78.0
2023-09-01,general_help_seeking,quora,forum / Q&A platform,72.0
2023-10-01,general_help_seeking,quora,forum / Q&A platform,68.0
2023-11-01,general_help_seeking,quora,forum / Q&A platform,65.0
2023-12-01,general_help_seeking,quora,forum / Q&A platform,69.0
2024-01-01,general_help_seeking,quora,forum / Q&A platform,69.0
2024-02-01,general_help_seeking,quora,forum / Q&A platform,62.0
2024-03-01,general_help_seeking,quora,forum / Q&A platform,61.0
2024-04-01,general_help_seeking,quora,forum / Q&A platform,62.0
2024-05-01,general_help_seeking,quora,forum / Q&A platform,65.0
2024-06-01,general_help_seeking,quora,forum / Q&A platform,65.0
2024-07-01,general_help_seeking,quora,forum / Q&A platform,62.0
2024-08-01,general_help_seeking,quora,forum / Q&A platform,63.0
2024-09-01,general_help_seeking,quora,forum / Q&A platform,58.0
2024-10-01,general_help_seeking,quora,forum / Q&A platform,51.0
2024-11-01,general_help_seeking,quora,forum / Q&A platform,49.0
2024-12-01,general_help_seeking,quora,forum / Q&A platform,50.0
2025-01-01,general_help_seeking,quora,forum / Q&A platform,49.0
2025-02-01,general_help_seeking,quora,forum / Q&A platform,46.0
2025-03-01,general_help_seeking,quora,forum / Q&A platform,44.0
2025-04-01,general_help_seeking,quora,forum / Q&A platform,42.0
2025-05-01,general_help_seeking,quora,forum / Q&A platform,41.0
2025-06-01,general_help_seeking,quora,forum / Q&A platform,40.0
2025-07-01,general_help_seeking,quora,forum / Q&A platform,38.0
2025-08-01,general_help_seeking,quora,forum / Q&A platform,36.0
2025-09-01,general_help_seeking,quora,forum / Q&A platform,32.0
2025-10-01,general_help_seeking,quora,forum / Q&A platform,30.0
2025-11-01,general_help_seeking,quora,forum / Q&A platform,29.0
2025-12-01,general_help_seeking,quora,forum / Q&A platform,30.0
2026-01-01,general_help_seeking,quora,forum / Q&A platform,27.0
2026-02-01,general_help_seeking,quora,forum / Q&A platform,25.0
2026-03-01,general_help_seeking,quora,forum / Q&A platform,28.0
2026-04-01,general_help_seeking,quora,forum / Q&A platform,33.0
2021-04-01,general_help_seeking,chatgpt help,AI platform,0.0
2021-05-01,general_help_seeking,chatgpt help,AI platform,0.0
2021-06-01,general_help_seeking,chatgpt help,AI platform,0.0
2021-07-01,general_help_seeking,chatgpt help,AI platform,0.0
2021-08-01,general_help_seeking,chatgpt help,AI platform,0.0
2021-09-01,general_help_seeking,chatgpt help,AI platform,0.0
2021-10-01,general_help_seeking,chatgpt help,AI platform,0.0
2021-11-01,general_help_seeking,chatgpt help,AI platform,0.0
2021-12-01,general_help_seeking,chatgpt help,AI platform,0.0
2022-01-01,general_help_seeking,chatgpt help,AI platform,0.0
2022-02-01,general_help_seeking,chatgpt help,AI platform,0.0
2022-03-01,general_help_seeking,chatgpt help,AI platform,0.0
2022-04-01,general_help_seeking,chatgpt help,AI platform,0.0
2022-05-01,general_help_seeking,chatgpt help,AI platform,0.0
2022-06-01,general_help_seeking,chatgpt help,AI platform,0.0
2022-07-01,general_help_seeking,chatgpt help,AI platform,0.0
2022-08-01,general_help_seeking,chatgpt help,AI platform,0.0
2022-09-01,general_help_seeking,chatgpt help,AI platform,0.0
2022-10-01,general_help_seeking,chatgpt help,AI platform,0.0
2022-11-01,general_help_seeking,chatgpt help,AI platform,0.0
2022-12-01,general_help_seeking,chatgpt help,AI platform,0.0
2023-01-01,general_help_seeking,chatgpt help,AI platform,1.0
2023-02-01,general_help_seeking,chatgpt help,AI platform,2.0
2023-03-01,general_help_seeking,chatgpt help,AI platform,2.0
2023-04-01,general_help_seeking,chatgpt help,AI platform,2.0
2023-05-01,general_help_seeking,chatgpt help,AI platform,2.0
2023-06-01,general_help_seeking,chatgpt help,AI platform,1.0
2023-07-01,general_help_seeking,chatgpt help,AI platform,1.0
2023-08-01,general_help_seeking,chatgpt help,AI platform,1.0
2023-09-01,general_help_seeking,chatgpt help,AI platform,2.0
2023-10-01,general_help_seeking,chatgpt help,AI platform,2.0
2023-11-01,general_help_seeking,chatgpt help,AI platform,2.0
2023-12-01,general_help_seeking,chatgpt help,AI platform,2.0
2024-01-01,general_help_seeking,chatgpt help,AI platform,2.0
2024-02-01,general_help_seeking,chatgpt help,AI platform,2.0
2024-03-01,general_help_seeking,chatgpt help,AI platform,2.0
2024-04-01,general_help_seeking,chatgpt help,AI platform,2.0
2024-05-01,general_help_seeking,chatgpt help,AI platform,2.0
2024-06-01,general_help_seeking,chatgpt help,AI platform,2.0
2024-07-01,general_help_seeking,chatgpt help,AI platform,1.0
2024-08-01,general_help_seeking,chatgpt help,AI platform,2.0
2024-09-01,general_help_seeking,chatgpt help,AI platform,2.0
2024-10-01,general_help_seeking,chatgpt help,AI platform,3.0
2024-11-01,general_help_seeking,chatgpt help,AI platform,3.0
2024-12-01,general_help_seeking,chatgpt help,AI platform,3.0
2025-01-01,general_help_seeking,chatgpt help,AI platform,3.0
2025-02-01,general_help_seeking,chatgpt help,AI platform,4.0
2025-03-01,general_help_seeking,chatgpt help,AI platform,3.0
2025-04-01,general_help_seeking,chatgpt help,AI platform,4.0
2025-05-01,general_help_seeking,chatgpt help,AI platform,4.0
2025-06-01,general_help_seeking,chatgpt help,AI platform,4.0
2025-07-01,general_help_seeking,chatgpt help,AI platform,4.0
2025-08-01,general_help_seeking,chatgpt help,AI platform,24.0
2025-09-01,general_help_seeking,chatgpt help,AI platform,17.0
2025-10-01,general_help_seeking,chatgpt help,AI platform,17.0
2025-11-01,general_help_seeking,chatgpt help,AI platform,16.0
2025-12-01,general_help_seeking,chatgpt help,AI platform,12.0
2026-01-01,general_help_seeking,chatgpt help,AI platform,10.0
2026-02-01,general_help_seeking,chatgpt help,AI platform,13.0
2026-03-01,general_help_seeking,chatgpt help,AI platform,20.0
2026-04-01,general_help_seeking,chatgpt help,AI platform,9.0
2021-04-11,study_support,course hero,study support platform,15.0
2021-04-18,study_support,course hero,study support platform,16.0
2021-04-25,study_support,course hero,study support platform,16.0
2021-05-02,study_support,course hero,study support platform,15.0
2021-05-09,study_support,course hero,study support platform,13.0
2021-05-16,study_support,course hero,study support platform,13.0
2021-05-23,study_support,course hero,study support platform,13.0
2021-05-30,study_support,course hero,study support platform,13.0
2021-06-06,study_support,course hero,study support platform,13.0
2021-06-13,study_support,course hero,study support platform,13.0
2021-06-20,study_support,course hero,study support platform,12.0
2021-06-27,study_support,course hero,study support platform,11.0
2021-07-04,study_support,course hero,study support platform,11.0
2021-07-11,study_support,course hero,study support platform,11.0
2021-07-18,study_support,course hero,study support platform,11.0
2021-07-25,study_support,course hero,study support platform,10.0
2021-08-01,study_support,course hero,study support platform,11.0
2021-08-08,study_support,course hero,study support platform,10.0
2021-08-15,study_support,course hero,study support platform,9.0
2021-08-22,study_support,course hero,study support platform,10.0
2021-08-29,study_support,course hero,study support platform,12.0
2021-09-05,study_support,course hero,study support platform,13.0
2021-09-12,study_support,course hero,study support platform,14.0
2021-09-19,study_support,course hero,study support platform,15.0
2021-09-26,study_support,course hero,study support platform,15.0
2021-10-03,study_support,course hero,study support platform,15.0
2021-10-10,study_support,course hero,study support platform,16.0
2021-10-17,study_support,course hero,study support platform,16.0
2021-10-24,study_support,course hero,study support platform,15.0
2021-10-31,study_support,course hero,study support platform,15.0
2021-11-07,study_support,course hero,study support platform,17.0
2021-11-14,study_support,course hero,study support platform,16.0
2021-11-21,study_support,course hero,study support platform,13.0
2021-11-28,study_support,course hero,study support platform,15.0
2021-12-05,study_support,course hero,study support platform,17.0
2021-12-12,study_support,course hero,study support platform,13.0
2021-12-19,study_support,course hero,study support platform,7.0
2021-12-26,study_support,course hero,study support platform,6.0
2022-01-02,study_support,course hero,study support platform,11.0
2022-01-09,study_support,course hero,study support platform,12.0
2022-01-16,study_support,course hero,study support platform,14.0
2022-01-23,study_support,course hero,study support platform,16.0
2022-01-30,study_support,course hero,study support platform,16.0
2022-02-06,study_support,course hero,study support platform,19.0
2022-02-13,study_support,course hero,study support platform,22.0
2022-02-20,study_support,course hero,study support platform,22.0
2022-02-27,study_support,course hero,study support platform,22.0
2022-03-06,study_support,course hero,study support platform,22.0
2022-03-13,study_support,course hero,study support platform,23.0
2022-03-20,study_support,course hero,study support platform,22.0
2022-03-27,study_support,course hero,study support platform,24.0
2022-04-03,study_support,course hero,study support platform,24.0
2022-04-10,study_support,course hero,study support platform,22.0
2022-04-17,study_support,course hero,study support platform,24.0
2022-04-24,study_support,course hero,study support platform,24.0
2022-05-01,study_support,course hero,study support platform,21.0
2022-05-08,study_support,course hero,study support platform,21.0
2022-05-15,study_support,course hero,study support platform,19.0
2022-05-22,study_support,course hero,study support platform,18.0
2022-05-29,study_support,course hero,study support platform,16.0
2022-06-05,study_support,course hero,study support platform,18.0
2022-06-12,study_support,course hero,study support platform,17.0
2022-06-19,study_support,course hero,study support platform,18.0
2022-06-26,study_support,course hero,study support platform,14.0
2022-07-03,study_support,course hero,study support platform,13.0
2022-07-10,study_support,course hero,study support platform,14.0
2022-07-17,study_support,course hero,study support platform,13.0
2022-07-24,study_support,course hero,study support platform,12.0
2022-07-31,study_support,course hero,study support platform,12.0
2022-08-07,study_support,course hero,study support platform,12.0
2022-08-14,study_support,course hero,study support platform,12.0
2022-08-21,study_support,course hero,study support platform,14.0
2022-08-28,study_support,course hero,study support platform,15.0
2022-09-04,study_support,course hero,study support platform,19.0
2022-09-11,study_support,course hero,study support platform,21.0
2022-09-18,study_support,course hero,study support platform,22.0
2022-09-25,study_support,course hero,study support platform,23.0
2022-10-02,study_support,course hero,study support platform,22.0
2022-10-09,study_support,course hero,study support platform,22.0
2022-10-16,study_support,course hero,study support platform,23.0
2022-10-23,study_support,course hero,study support platform,24.0
2022-10-30,study_support,course hero,study support platform,21.0
2022-11-06,study_support,course hero,study support platform,22.0
2022-11-13,study_support,course hero,study support platform,23.0
2022-11-20,study_support,course hero,study support platform,19.0
2022-11-27,study_support,course hero,study support platform,21.0
2022-12-04,study_support,course hero,study support platform,22.0
2022-12-11,study_support,course hero,study support platform,17.0
2022-12-18,study_support,course hero,study support platform,10.0
2022-12-25,study_support,course hero,study support platform,7.0
2023-01-01,study_support,course hero,study support platform,9.0
2023-01-08,study_support,course hero,study support platform,12.0
2023-01-15,study_support,course hero,study support platform,13.0
2023-01-22,study_support,course hero,study support platform,17.0
2023-01-29,study_support,course hero,study support platform,18.0
2023-02-05,study_support,course hero,study support platform,17.0
2023-02-12,study_support,course hero,study support platform,18.0
2023-02-19,study_support,course hero,study support platform,19.0
2023-02-26,study_support,course hero,study support platform,18.0
2023-03-05,study_support,course hero,study support platform,18.0
2023-03-12,study_support,course hero,study support platform,17.0
2023-03-19,study_support,course hero,study support platform,18.0
2023-03-26,study_support,course hero,study support platform,17.0
2023-04-02,study_support,course hero,study support platform,15.0
2023-04-09,study_support,course hero,study support platform,17.0
2023-04-16,study_support,course hero,study support platform,18.0
2023-04-23,study_support,course hero,study support platform,16.0
2023-04-30,study_support,course hero,study support platform,17.0
2023-05-07,study_support,course hero,study support platform,14.0
2023-05-14,study_support,course hero,study support platform,12.0
2023-05-21,study_support,course hero,study support platform,12.0
2023-05-28,study_support,course hero,study support platform,11.0
2023-06-04,study_support,course hero,study support platform,11.0
2023-06-11,study_support,course hero,study support platform,12.0
2023-06-18,study_support,course hero,study support platform,12.0
2023-06-25,study_support,course hero,study support platform,10.0
2023-07-02,study_support,course hero,study support platform,10.0
2023-07-09,study_support,course hero,study support platform,10.0
2023-07-16,study_support,course hero,study support platform,10.0
2023-07-23,study_support,course hero,study support platform,11.0
2023-07-30,study_support,course hero,study support platform,9.0
2023-08-06,study_support,course hero,study support platform,9.0
2023-08-13,study_support,course hero,study support platform,9.0
2023-08-20,study_support,course hero,study support platform,9.0
2023-08-27,study_support,course hero,study support platform,11.0
2023-09-03,study_support,course hero,study support platform,12.0
2023-09-10,study_support,course hero,study support platform,14.0
2023-09-17,study_support,course hero,study support platform,15.0
2023-09-24,study_support,course hero,study support platform,15.0
2023-10-01,study_support,course hero,study support platform,15.0
2023-10-08,study_support,course hero,study support platform,14.0
2023-10-15,study_support,course hero,study support platform,15.0
2023-10-22,study_support,course hero,study support platform,15.0
2023-10-29,study_support,course hero,study support platform,14.0
2023-11-05,study_support,course hero,study support platform,15.0
2023-11-12,study_support,course hero,study support platform,14.0
2023-11-19,study_support,course hero,study support platform,12.0
2023-11-26,study_support,course hero,study support platform,14.0
2023-12-03,study_support,course hero,study support platform,15.0
2023-12-10,study_support,course hero,study support platform,13.0
2023-12-17,study_support,course hero,study support platform,8.0
2023-12-24,study_support,course hero,study support platform,5.0
2023-12-31,study_support,course hero,study support platform,6.0
2024-01-07,study_support,course hero,study support platform,9.0
2024-01-14,study_support,course hero,study support platform,11.0
2024-01-21,study_support,course hero,study support platform,12.0
2024-01-28,study_support,course hero,study support platform,14.0
2024-02-04,study_support,course hero,study support platform,14.0
2024-02-11,study_support,course hero,study support platform,13.0
2024-02-18,study_support,course hero,study support platform,13.0
2024-02-25,study_support,course hero,study support platform,13.0
2024-03-03,study_support,course hero,study support platform,14.0
2024-03-10,study_support,course hero,study support platform,12.0
2024-03-17,study_support,course hero,study support platform,13.0
2024-03-24,study_support,course hero,study support platform,13.0
2024-03-31,study_support,course hero,study support platform,13.0
2024-04-07,study_support,course hero,study support platform,11.0
2024-04-14,study_support,course hero,study support platform,13.0
2024-04-21,study_support,course hero,study support platform,12.0
2024-04-28,study_support,course hero,study support platform,12.0
2024-05-05,study_support,course hero,study support platform,11.0
2024-05-12,study_support,course hero,study support platform,11.0
2024-05-19,study_support,course hero,study support platform,10.0
2024-05-26,study_support,course hero,study support platform,9.0
2024-06-02,study_support,course hero,study support platform,9.0
2024-06-09,study_support,course hero,study support platform,9.0
2024-06-16,study_support,course hero,study support platform,8.0
2024-06-23,study_support,course hero,study support platform,8.0
2024-06-30,study_support,course hero,study support platform,7.0
2024-07-07,study_support,course hero,study support platform,7.0
2024-07-14,study_support,course hero,study support platform,7.0
2024-07-21,study_support,course hero,study support platform,7.0
2024-07-28,study_support,course hero,study support platform,7.0
2024-08-04,study_support,course hero,study support platform,7.0
2024-08-11,study_support,course hero,study support platform,7.0
2024-08-18,study_support,course hero,study support platform,7.0
2024-08-25,study_support,course hero,study support platform,8.0
2024-09-01,study_support,course hero,study support platform,10.0
2024-09-08,study_support,course hero,study support platform,10.0
2024-09-15,study_support,course hero,study support platform,10.0
2024-09-22,study_support,course hero,study support platform,9.0
2024-09-29,study_support,course hero,study support platform,9.0
2024-10-06,study_support,course hero,study support platform,9.0
2024-10-13,study_support,course hero,study support platform,9.0
2024-10-20,study_support,course hero,study support platform,9.0
2024-10-27,study_support,course hero,study support platform,8.0
2024-11-03,study_support,course hero,study support platform,9.0
2024-11-10,study_support,course hero,study support platform,9.0
2024-11-17,study_support,course hero,study support platform,8.0
2024-11-24,study_support,course hero,study support platform,7.0
2024-12-01,study_support,course hero,study support platform,8.0
2024-12-08,study_support,course hero,study support platform,8.0
2024-12-15,study_support,course hero,study support platform,5.0
2024-12-22,study_support,course hero,study support platform,3.0
2024-12-29,study_support,course hero,study support platform,3.0
2025-01-05,study_support,course hero,study support platform,5.0
2025-01-12,study_support,course hero,study support platform,6.0
2025-01-19,study_support,course hero,study support platform,6.0
2025-01-26,study_support,course hero,study support platform,7.0
2025-02-02,study_support,course hero,study support platform,7.0
2025-02-09,study_support,course hero,study support platform,7.0
2025-02-16,study_support,course hero,study support platform,6.0
2025-02-23,study_support,course hero,study support platform,7.0
2025-03-02,study_support,course hero,study support platform,7.0
2025-03-09,study_support,course hero,study support platform,6.0
2025-03-16,study_support,course hero,study support platform,6.0
2025-03-23,study_support,course hero,study support platform,6.0
2025-03-30,study_support,course hero,study support platform,6.0
2025-04-06,study_support,course hero,study support platform,6.0
2025-04-13,study_support,course hero,study support platform,5.0
2025-04-20,study_support,course hero,study support platform,6.0
2025-04-27,study_support,course hero,study support platform,5.0
2025-05-04,study_support,course hero,study support platform,5.0
2025-05-11,study_support,course hero,study support platform,5.0
2025-05-18,study_support,course hero,study support platform,5.0
2025-05-25,study_support,course hero,study support platform,4.0
2025-06-01,study_support,course hero,study support platform,4.0
2025-06-08,study_support,course hero,study support platform,4.0
2025-06-15,study_support,course hero,study support platform,4.0
2025-06-22,study_support,course hero,study support platform,4.0
2025-06-29,study_support,course hero,study support platform,3.0
2025-07-06,study_support,course hero,study support platform,3.0
2025-07-13,study_support,course hero,study support platform,4.0
2025-07-20,study_support,course hero,study support platform,4.0
2025-07-27,study_support,course hero,study support platform,4.0
2025-08-03,study_support,course hero,study support platform,5.0
2025-08-10,study_support,course hero,study support platform,5.0
2025-08-17,study_support,course hero,study support platform,6.0
2025-08-24,study_support,course hero,study support platform,5.0
2025-08-31,study_support,course hero,study support platform,6.0
2025-09-07,study_support,course hero,study support platform,6.0
2025-09-14,study_support,course hero,study support platform,6.0
2025-09-21,study_support,course hero,study support platform,6.0
2025-09-28,study_support,course hero,study support platform,7.0
2025-10-05,study_support,course hero,study support platform,5.0
2025-10-12,study_support,course hero,study support platform,5.0
2025-10-19,study_support,course hero,study support platform,6.0
2025-10-26,study_support,course hero,study support platform,4.0
2025-11-02,study_support,course hero,study support platform,5.0
2025-11-09,study_support,course hero,study support platform,5.0
2025-11-16,study_support,course hero,study support platform,5.0
2025-11-23,study_support,course hero,study support platform,4.0
2025-11-30,study_support,course hero,study support platform,6.0
2025-12-07,study_support,course hero,study support platform,5.0
2025-12-14,study_support,course hero,study support platform,4.0
2025-12-21,study_support,course hero,study support platform,3.0
2025-12-28,study_support,course hero,study support platform,3.0
2026-01-04,study_support,course hero,study support platform,4.0
2026-01-11,study_support,course hero,study support platform,4.0
2026-01-18,study_support,course hero,study support platform,5.0
2026-01-25,study_support,course hero,study support platform,5.0
2026-02-01,study_support,course hero,study support platform,5.0
2026-02-08,study_support,course hero,study support platform,5.0
2026-02-15,study_support,course hero,study support platform,5.0
2026-02-22,study_support,course hero,study support platform,5.0
2026-03-01,study_support,course hero,study support platform,5.0
2026-03-08,study_support,course hero,study support platform,5.0
2026-03-15,study_support,course hero,study support platform,5.0
2026-03-22,study_support,course hero,study support platform,4.0
2026-03-29,study_support,course hero,study support platform,3.0
2026-04-05,study_support,course hero,study support platform,4.0
2026-04-12,study_support,course hero,study support platform,3.0
2021-04-11,study_support,chatgpt study,AI platform,0.0
2021-04-18,study_support,chatgpt study,AI platform,0.0
2021-04-25,study_support,chatgpt study,AI platform,0.0
2021-05-02,study_support,chatgpt study,AI platform,0.0
2021-05-09,study_support,chatgpt study,AI platform,0.0
2021-05-16,study_support,chatgpt study,AI platform,0.0
2021-05-23,study_support,chatgpt study,AI platform,0.0
2021-05-30,study_support,chatgpt study,AI platform,0.0
2021-06-06,study_support,chatgpt study,AI platform,0.0
2021-06-13,study_support,chatgpt study,AI platform,0.0
2021-06-20,study_support,chatgpt study,AI platform,0.0
2021-06-27,study_support,chatgpt study,AI platform,0.0
2021-07-04,study_support,chatgpt study,AI platform,0.0
2021-07-11,study_support,chatgpt study,AI platform,0.0
2021-07-18,study_support,chatgpt study,AI platform,0.0
2021-07-25,study_support,chatgpt study,AI platform,0.0
2021-08-01,study_support,chatgpt study,AI platform,0.0
2021-08-08,study_support,chatgpt study,AI platform,0.0
2021-08-15,study_support,chatgpt study,AI platform,0.0
2021-08-22,study_support,chatgpt study,AI platform,0.0
2021-08-29,study_support,chatgpt study,AI platform,0.0
2021-09-05,study_support,chatgpt study,AI platform,0.0
2021-09-12,study_support,chatgpt study,AI platform,0.0
2021-09-19,study_support,chatgpt study,AI platform,0.0
2021-09-26,study_support,chatgpt study,AI platform,0.0
2021-10-03,study_support,chatgpt study,AI platform,0.0
2021-10-10,study_support,chatgpt study,AI platform,0.0
2021-10-17,study_support,chatgpt study,AI platform,0.0
2021-10-24,study_support,chatgpt study,AI platform,0.0
2021-10-31,study_support,chatgpt study,AI platform,0.0
2021-11-07,study_support,chatgpt study,AI platform,0.0
2021-11-14,study_support,chatgpt study,AI platform,0.0
2021-11-21,study_support,chatgpt study,AI platform,0.0
2021-11-28,study_support,chatgpt study,AI platform,0.0
2021-12-05,study_support,chatgpt study,AI platform,0.0
2021-12-12,study_support,chatgpt study,AI platform,0.0
2021-12-19,study_support,chatgpt study,AI platform,0.0
2021-12-26,study_support,chatgpt study,AI platform,0.0
2022-01-02,study_support,chatgpt study,AI platform,0.0
2022-01-09,study_support,chatgpt study,AI platform,0.0
2022-01-16,study_support,chatgpt study,AI platform,0.0
2022-01-23,study_support,chatgpt study,AI platform,0.0
2022-01-30,study_support,chatgpt study,AI platform,0.0
2022-02-06,study_support,chatgpt study,AI platform,0.0
2022-02-13,study_support,chatgpt study,AI platform,0.0
2022-02-20,study_support,chatgpt study,AI platform,0.0
2022-02-27,study_support,chatgpt study,AI platform,0.0
2022-03-06,study_support,chatgpt study,AI platform,0.0
2022-03-13,study_support,chatgpt study,AI platform,0.0
2022-03-20,study_support,chatgpt study,AI platform,0.0
2022-03-27,study_support,chatgpt study,AI platform,0.0
2022-04-03,study_support,chatgpt study,AI platform,0.0
2022-04-10,study_support,chatgpt study,AI platform,0.0
2022-04-17,study_support,chatgpt study,AI platform,0.0
2022-04-24,study_support,chatgpt study,AI platform,0.0
2022-05-01,study_support,chatgpt study,AI platform,0.0
2022-05-08,study_support,chatgpt study,AI platform,0.0
2022-05-15,study_support,chatgpt study,AI platform,0.0
2022-05-22,study_support,chatgpt study,AI platform,0.0
2022-05-29,study_support,chatgpt study,AI platform,0.0
2022-06-05,study_support,chatgpt study,AI platform,0.0
2022-06-12,study_support,chatgpt study,AI platform,0.0
2022-06-19,study_support,chatgpt study,AI platform,0.0
2022-06-26,study_support,chatgpt study,AI platform,0.0
2022-07-03,study_support,chatgpt study,AI platform,0.0
2022-07-10,study_support,chatgpt study,AI platform,0.0
2022-07-17,study_support,chatgpt study,AI platform,0.0
2022-07-24,study_support,chatgpt study,AI platform,0.0
2022-07-31,study_support,chatgpt study,AI platform,0.0
2022-08-07,study_support,chatgpt study,AI platform,0.0
2022-08-14,study_support,chatgpt study,AI platform,0.0
2022-08-21,study_support,chatgpt study,AI platform,0.0
2022-08-28,study_support,chatgpt study,AI platform,0.0
2022-09-04,study_support,chatgpt study,AI platform,0.0
2022-09-11,study_support,chatgpt study,AI platform,0.0
2022-09-18,study_support,chatgpt study,AI platform,0.0
2022-09-25,study_support,chatgpt study,AI platform,0.0
2022-10-02,study_support,chatgpt study,AI platform,0.0
2022-10-09,study_support,chatgpt study,AI platform,0.0
2022-10-16,study_support,chatgpt study,AI platform,0.0
2022-10-23,study_support,chatgpt study,AI platform,0.0
2022-10-30,study_support,chatgpt study,AI platform,0.0
2022-11-06,study_support,chatgpt study,AI platform,0.0
2022-11-13,study_support,chatgpt study,AI platform,0.0
2022-11-20,study_support,chatgpt study,AI platform,0.0
2022-11-27,study_support,chatgpt study,AI platform,0.0
2022-12-04,study_support,chatgpt study,AI platform,0.5
2022-12-11,study_support,chatgpt study,AI platform,1.0
2022-12-18,study_support,chatgpt study,AI platform,0.5
2022-12-25,study_support,chatgpt study,AI platform,0.5
2023-01-01,study_support,chatgpt study,AI platform,0.5
2023-01-08,study_support,chatgpt study,AI platform,1.0
2023-01-15,study_support,chatgpt study,AI platform,1.0
2023-01-22,study_support,chatgpt study,AI platform,1.0
2023-01-29,study_support,chatgpt study,AI platform,1.0
2023-02-05,study_support,chatgpt study,AI platform,2.0
2023-02-12,study_support,chatgpt study,AI platform,2.0
2023-02-19,study_support,chatgpt study,AI platform,2.0
2023-02-26,study_support,chatgpt study,AI platform,2.0
2023-03-05,study_support,chatgpt study,AI platform,2.0
2023-03-12,study_support,chatgpt study,AI platform,2.0
2023-03-19,study_support,chatgpt study,AI platform,3.0
2023-03-26,study_support,chatgpt study,AI platform,3.0
2023-04-02,study_support,chatgpt study,AI platform,3.0
2023-04-09,study_support,chatgpt study,AI platform,3.0
2023-04-16,study_support,chatgpt study,AI platform,3.0
2023-04-23,study_support,chatgpt study,AI platform,3.0
2023-04-30,study_support,chatgpt study,AI platform,3.0
2023-05-07,study_support,chatgpt study,AI platform,3.0
2023-05-14,study_support,chatgpt study,AI platform,3.0
2023-05-21,study_support,chatgpt study,AI platform,3.0
2023-05-28,study_support,chatgpt study,AI platform,3.0
2023-06-04,study_support,chatgpt study,AI platform,3.0
2023-06-11,study_support,chatgpt study,AI platform,3.0
2023-06-18,study_support,chatgpt study,AI platform,2.0
2023-06-25,study_support,chatgpt study,AI platform,2.0
2023-07-02,study_support,chatgpt study,AI platform,2.0
2023-07-09,study_support,chatgpt study,AI platform,2.0
2023-07-16,study_support,chatgpt study,AI platform,2.0
2023-07-23,study_support,chatgpt study,AI platform,2.0
2023-07-30,study_support,chatgpt study,AI platform,2.0
2023-08-06,study_support,chatgpt study,AI platform,2.0
2023-08-13,study_support,chatgpt study,AI platform,2.0
2023-08-20,study_support,chatgpt study,AI platform,2.0
2023-08-27,study_support,chatgpt study,AI platform,3.0
2023-09-03,study_support,chatgpt study,AI platform,3.0
2023-09-10,study_support,chatgpt study,AI platform,4.0
2023-09-17,study_support,chatgpt study,AI platform,3.0
2023-09-24,study_support,chatgpt study,AI platform,4.0
2023-10-01,study_support,chatgpt study,AI platform,4.0
2023-10-08,study_support,chatgpt study,AI platform,4.0
2023-10-15,study_support,chatgpt study,AI platform,4.0
2023-10-22,study_support,chatgpt study,AI platform,4.0
2023-10-29,study_support,chatgpt study,AI platform,3.0
2023-11-05,study_support,chatgpt study,AI platform,4.0
2023-11-12,study_support,chatgpt study,AI platform,3.0
2023-11-19,study_support,chatgpt study,AI platform,4.0
2023-11-26,study_support,chatgpt study,AI platform,4.0
2023-12-03,study_support,chatgpt study,AI platform,4.0
2023-12-10,study_support,chatgpt study,AI platform,4.0
2023-12-17,study_support,chatgpt study,AI platform,3.0
2023-12-24,study_support,chatgpt study,AI platform,2.0
2023-12-31,study_support,chatgpt study,AI platform,3.0
2024-01-07,study_support,chatgpt study,AI platform,3.0
2024-01-14,study_support,chatgpt study,AI platform,4.0
2024-01-21,study_support,chatgpt study,AI platform,3.0
2024-01-28,study_support,chatgpt study,AI platform,4.0
2024-02-04,study_support,chatgpt study,AI platform,4.0
2024-02-11,study_support,chatgpt study,AI platform,4.0
2024-02-18,study_support,chatgpt study,AI platform,4.0
2024-02-25,study_support,chatgpt study,AI platform,4.0
2024-03-03,study_support,chatgpt study,AI platform,4.0
2024-03-10,study_support,chatgpt study,AI platform,4.0
2024-03-17,study_support,chatgpt study,AI platform,4.0
2024-03-24,study_support,chatgpt study,AI platform,3.0
2024-03-31,study_support,chatgpt study,AI platform,4.0
2024-04-07,study_support,chatgpt study,AI platform,3.0
2024-04-14,study_support,chatgpt study,AI platform,4.0
2024-04-21,study_support,chatgpt study,AI platform,4.0
2024-04-28,study_support,chatgpt study,AI platform,5.0
2024-05-05,study_support,chatgpt study,AI platform,4.0
2024-05-12,study_support,chatgpt study,AI platform,4.0
2024-05-19,study_support,chatgpt study,AI platform,4.0
2024-05-26,study_support,chatgpt study,AI platform,3.0
2024-06-02,study_support,chatgpt study,AI platform,4.0
2024-06-09,study_support,chatgpt study,AI platform,3.0
2024-06-16,study_support,chatgpt study,AI platform,3.0
2024-06-23,study_support,chatgpt study,AI platform,3.0
2024-06-30,study_support,chatgpt study,AI platform,2.0
2024-07-07,study_support,chatgpt study,AI platform,3.0
2024-07-14,study_support,chatgpt study,AI platform,3.0
2024-07-21,study_support,chatgpt study,AI platform,3.0
2024-07-28,study_support,chatgpt study,AI platform,3.0
2024-08-04,study_support,chatgpt study,AI platform,3.0
2024-08-11,study_support,chatgpt study,AI platform,3.0
2024-08-18,study_support,chatgpt study,AI platform,4.0
2024-08-25,study_support,chatgpt study,AI platform,5.0
2024-09-01,study_support,chatgpt study,AI platform,5.0
2024-09-08,study_support,chatgpt study,AI platform,5.0
2024-09-15,study_support,chatgpt study,AI platform,5.0
2024-09-22,study_support,chatgpt study,AI platform,5.0
2024-09-29,study_support,chatgpt study,AI platform,5.0
2024-10-06,study_support,chatgpt study,AI platform,5.0
2024-10-13,study_support,chatgpt study,AI platform,5.0
2024-10-20,study_support,chatgpt study,AI platform,5.0
2024-10-27,study_support,chatgpt study,AI platform,4.0
2024-11-03,study_support,chatgpt study,AI platform,5.0
2024-11-10,study_support,chatgpt study,AI platform,5.0
2024-11-17,study_support,chatgpt study,AI platform,5.0
2024-11-24,study_support,chatgpt study,AI platform,5.0
2024-12-01,study_support,chatgpt study,AI platform,5.0
2024-12-08,study_support,chatgpt study,AI platform,5.0
2024-12-15,study_support,chatgpt study,AI platform,4.0
2024-12-22,study_support,chatgpt study,AI platform,3.0
2024-12-29,study_support,chatgpt study,AI platform,3.0
2025-01-05,study_support,chatgpt study,AI platform,4.0
2025-01-12,study_support,chatgpt study,AI platform,5.0
2025-01-19,study_support,chatgpt study,AI platform,5.0
2025-01-26,study_support,chatgpt study,AI platform,6.0
2025-02-02,study_support,chatgpt study,AI platform,6.0
2025-02-09,study_support,chatgpt study,AI platform,5.0
2025-02-16,study_support,chatgpt study,AI platform,6.0
2025-02-23,study_support,chatgpt study,AI platform,6.0
2025-03-02,study_support,chatgpt study,AI platform,6.0
2025-03-09,study_support,chatgpt study,AI platform,6.0
2025-03-16,study_support,chatgpt study,AI platform,6.0
2025-03-23,study_support,chatgpt study,AI platform,6.0
2025-03-30,study_support,chatgpt study,AI platform,6.0
2025-04-06,study_support,chatgpt study,AI platform,6.0
2025-04-13,study_support,chatgpt study,AI platform,5.0
2025-04-20,study_support,chatgpt study,AI platform,6.0
2025-04-27,study_support,chatgpt study,AI platform,6.0
2025-05-04,study_support,chatgpt study,AI platform,6.0
2025-05-11,study_support,chatgpt study,AI platform,5.0
2025-05-18,study_support,chatgpt study,AI platform,5.0
2025-05-25,study_support,chatgpt study,AI platform,5.0
2025-06-01,study_support,chatgpt study,AI platform,5.0
2025-06-08,study_support,chatgpt study,AI platform,7.0
2025-06-15,study_support,chatgpt study,AI platform,8.0
2025-06-22,study_support,chatgpt study,AI platform,7.0
2025-06-29,study_support,chatgpt study,AI platform,6.0
2025-07-06,study_support,chatgpt study,AI platform,6.0
2025-07-13,study_support,chatgpt study,AI platform,8.0
2025-07-20,study_support,chatgpt study,AI platform,11.0
2025-07-27,study_support,chatgpt study,AI platform,26.0
2025-08-03,study_support,chatgpt study,AI platform,79.0
2025-08-10,study_support,chatgpt study,AI platform,100.0
2025-08-17,study_support,chatgpt study,AI platform,69.0
2025-08-24,study_support,chatgpt study,AI platform,45.0
2025-08-31,study_support,chatgpt study,AI platform,47.0
2025-09-07,study_support,chatgpt study,AI platform,46.0
2025-09-14,study_support,chatgpt study,AI platform,44.0
2025-09-21,study_support,chatgpt study,AI platform,47.0
2025-09-28,study_support,chatgpt study,AI platform,45.0
2025-10-05,study_support,chatgpt study,AI platform,47.0
2025-10-12,study_support,chatgpt study,AI platform,47.0
2025-10-19,study_support,chatgpt study,AI platform,55.0
2025-10-26,study_support,chatgpt study,AI platform,40.0
2025-11-02,study_support,chatgpt study,AI platform,42.0
2025-11-09,study_support,chatgpt study,AI platform,41.0
2025-11-16,study_support,chatgpt study,AI platform,39.0
2025-11-23,study_support,chatgpt study,AI platform,44.0
2025-11-30,study_support,chatgpt study,AI platform,49.0
2025-12-07,study_support,chatgpt study,AI platform,41.0
2025-12-14,study_support,chatgpt study,AI platform,34.0
2025-12-21,study_support,chatgpt study,AI platform,20.0
2025-12-28,study_support,chatgpt study,AI platform,17.0
2026-01-04,study_support,chatgpt study,AI platform,20.0
2026-01-11,study_support,chatgpt study,AI platform,24.0
2026-01-18,study_support,chatgpt study,AI platform,26.0
2026-01-25,study_support,chatgpt study,AI platform,26.0
2026-02-01,study_support,chatgpt study,AI platform,24.0
2026-02-08,study_support,chatgpt study,AI platform,25.0
2026-02-15,study_support,chatgpt study,AI platform,24.0
2026-02-22,study_support,chatgpt study,AI platform,26.0
2026-03-01,study_support,chatgpt study,AI platform,34.0
2026-03-08,study_support,chatgpt study,AI platform,31.0
2026-03-15,study_support,chatgpt study,AI platform,30.0
2026-03-22,study_support,chatgpt study,AI platform,31.0
2026-03-29,study_support,chatgpt study,AI platform,15.0
2026-04-05,study_support,chatgpt study,AI platform,11.0
2026-04-12,study_support,chatgpt study,AI platform,10.0
2021-04-11,study_support,chegg,study support platform,71.0
2021-04-18,study_support,chegg,study support platform,66.0
2021-04-25,study_support,chegg,study support platform,66.0
2021-05-02,study_support,chegg,study support platform,61.0
2021-05-09,study_support,chegg,study support platform,56.0
2021-05-16,study_support,chegg,study support platform,48.0
2021-05-23,study_support,chegg,study support platform,43.0
2021-05-30,study_support,chegg,study support platform,40.0
2021-06-06,study_support,chegg,study support platform,43.0
2021-06-13,study_support,chegg,study support platform,41.0
2021-06-20,study_support,chegg,study support platform,40.0
2021-06-27,study_support,chegg,study support platform,38.0
2021-07-04,study_support,chegg,study support platform,35.0
2021-07-11,study_support,chegg,study support platform,35.0
2021-07-18,study_support,chegg,study support platform,32.0
2021-07-25,study_support,chegg,study support platform,30.0
2021-08-01,study_support,chegg,study support platform,29.0
2021-08-08,study_support,chegg,study support platform,28.0
2021-08-15,study_support,chegg,study support platform,30.0
2021-08-22,study_support,chegg,study support platform,42.0
2021-08-29,study_support,chegg,study support platform,45.0
2021-09-05,study_support,chegg,study support platform,48.0
2021-09-12,study_support,chegg,study support platform,54.0
2021-09-19,study_support,chegg,study support platform,56.0
2021-09-26,study_support,chegg,study support platform,55.0
2021-10-03,study_support,chegg,study support platform,58.0
2021-10-10,study_support,chegg,study support platform,56.0
2021-10-17,study_support,chegg,study support platform,59.0
2021-10-24,study_support,chegg,study support platform,53.0
2021-10-31,study_support,chegg,study support platform,64.0
2021-11-07,study_support,chegg,study support platform,58.0
2021-11-14,study_support,chegg,study support platform,57.0
2021-11-21,study_support,chegg,study support platform,39.0
2021-11-28,study_support,chegg,study support platform,59.0
2021-12-05,study_support,chegg,study support platform,67.0
2021-12-12,study_support,chegg,study support platform,54.0
2021-12-19,study_support,chegg,study support platform,25.0
2021-12-26,study_support,chegg,study support platform,18.0
2022-01-02,study_support,chegg,study support platform,29.0
2022-01-09,study_support,chegg,study support platform,40.0
2022-01-16,study_support,chegg,study support platform,41.0
2022-01-23,study_support,chegg,study support platform,53.0
2022-01-30,study_support,chegg,study support platform,52.0
2022-02-06,study_support,chegg,study support platform,58.0
2022-02-13,study_support,chegg,study support platform,65.0
2022-02-20,study_support,chegg,study support platform,58.0
2022-02-27,study_support,chegg,study support platform,63.0
2022-03-06,study_support,chegg,study support platform,59.0
2022-03-13,study_support,chegg,study support platform,55.0
2022-03-20,study_support,chegg,study support platform,59.0
2022-03-27,study_support,chegg,study support platform,65.0
2022-04-03,study_support,chegg,study support platform,66.0
2022-04-10,study_support,chegg,study support platform,64.0
2022-04-17,study_support,chegg,study support platform,68.0
2022-04-24,study_support,chegg,study support platform,63.0
2022-05-01,study_support,chegg,study support platform,62.0
2022-05-08,study_support,chegg,study support platform,59.0
2022-05-15,study_support,chegg,study support platform,45.0
2022-05-22,study_support,chegg,study support platform,39.0
2022-05-29,study_support,chegg,study support platform,35.0
2022-06-05,study_support,chegg,study support platform,37.0
2022-06-12,study_support,chegg,study support platform,36.0
2022-06-19,study_support,chegg,study support platform,35.0
2022-06-26,study_support,chegg,study support platform,31.0
2022-07-03,study_support,chegg,study support platform,29.0
2022-07-10,study_support,chegg,study support platform,31.0
2022-07-17,study_support,chegg,study support platform,31.0
2022-07-24,study_support,chegg,study support platform,31.0
2022-07-31,study_support,chegg,study support platform,29.0
2022-08-07,study_support,chegg,study support platform,27.0
2022-08-14,study_support,chegg,study support platform,30.0
2022-08-21,study_support,chegg,study support platform,37.0
2022-08-28,study_support,chegg,study support platform,44.0
2022-09-04,study_support,chegg,study support platform,46.0
2022-09-11,study_support,chegg,study support platform,52.0
2022-09-18,study_support,chegg,study support platform,58.0
2022-09-25,study_support,chegg,study support platform,57.0
2022-10-02,study_support,chegg,study support platform,58.0
2022-10-09,study_support,chegg,study support platform,58.0
2022-10-16,study_support,chegg,study support platform,58.0
2022-10-23,study_support,chegg,study support platform,57.0
2022-10-30,study_support,chegg,study support platform,59.0
2022-11-06,study_support,chegg,study support platform,60.0
2022-11-13,study_support,chegg,study support platform,61.0
2022-11-20,study_support,chegg,study support platform,43.0
2022-11-27,study_support,chegg,study support platform,52.0
2022-12-04,study_support,chegg,study support platform,62.0
2022-12-11,study_support,chegg,study support platform,55.0
2022-12-18,study_support,chegg,study support platform,27.0
2022-12-25,study_support,chegg,study support platform,20.0
2023-01-01,study_support,chegg,study support platform,24.0
2023-01-08,study_support,chegg,study support platform,34.0
2023-01-15,study_support,chegg,study support platform,41.0
2023-01-22,study_support,chegg,study support platform,51.0
2023-01-29,study_support,chegg,study support platform,52.0
2023-02-05,study_support,chegg,study support platform,54.0
2023-02-12,study_support,chegg,study support platform,52.0
2023-02-19,study_support,chegg,study support platform,52.0
2023-02-26,study_support,chegg,study support platform,50.0
2023-03-05,study_support,chegg,study support platform,50.0
2023-03-12,study_support,chegg,study support platform,46.0
2023-03-19,study_support,chegg,study support platform,50.0
2023-03-26,study_support,chegg,study support platform,51.0
2023-04-02,study_support,chegg,study support platform,50.0
2023-04-09,study_support,chegg,study support platform,52.0
2023-04-16,study_support,chegg,study support platform,51.0
2023-04-23,study_support,chegg,study support platform,49.0
2023-04-30,study_support,chegg,study support platform,70.0
2023-05-07,study_support,chegg,study support platform,46.0
2023-05-14,study_support,chegg,study support platform,39.0
2023-05-21,study_support,chegg,study support platform,36.0
2023-05-28,study_support,chegg,study support platform,33.0
2023-06-04,study_support,chegg,study support platform,34.0
2023-06-11,study_support,chegg,study support platform,34.0
2023-06-18,study_support,chegg,study support platform,33.0
2023-06-25,study_support,chegg,study support platform,30.0
2023-07-02,study_support,chegg,study support platform,29.0
2023-07-09,study_support,chegg,study support platform,31.0
2023-07-16,study_support,chegg,study support platform,31.0
2023-07-23,study_support,chegg,study support platform,29.0
2023-07-30,study_support,chegg,study support platform,27.0
2023-08-06,study_support,chegg,study support platform,27.0
2023-08-13,study_support,chegg,study support platform,27.0
2023-08-20,study_support,chegg,study support platform,35.0
2023-08-27,study_support,chegg,study support platform,39.0
2023-09-03,study_support,chegg,study support platform,38.0
2023-09-10,study_support,chegg,study support platform,46.0
2023-09-17,study_support,chegg,study support platform,44.0
2023-09-24,study_support,chegg,study support platform,48.0
2023-10-01,study_support,chegg,study support platform,49.0
2023-10-08,study_support,chegg,study support platform,49.0
2023-10-15,study_support,chegg,study support platform,50.0
2023-10-22,study_support,chegg,study support platform,49.0
2023-10-29,study_support,chegg,study support platform,47.0
2023-11-05,study_support,chegg,study support platform,51.0
2023-11-12,study_support,chegg,study support platform,48.0
2023-11-19,study_support,chegg,study support platform,39.0
2023-11-26,study_support,chegg,study support platform,51.0
2023-12-03,study_support,chegg,study support platform,53.0
2023-12-10,study_support,chegg,study support platform,48.0
2023-12-17,study_support,chegg,study support platform,33.0
2023-12-24,study_support,chegg,study support platform,21.0
2023-12-31,study_support,chegg,study support platform,24.0
2024-01-07,study_support,chegg,study support platform,30.0
2024-01-14,study_support,chegg,study support platform,33.0
2024-01-21,study_support,chegg,study support platform,39.0
2024-01-28,study_support,chegg,study support platform,47.0
2024-02-04,study_support,chegg,study support platform,49.0
2024-02-11,study_support,chegg,study support platform,47.0
2024-02-18,study_support,chegg,study support platform,46.0
2024-02-25,study_support,chegg,study support platform,45.0
2024-03-03,study_support,chegg,study support platform,42.0
2024-03-10,study_support,chegg,study support platform,40.0
2024-03-17,study_support,chegg,study support platform,44.0
2024-03-24,study_support,chegg,study support platform,44.0
2024-03-31,study_support,chegg,study support platform,42.0
2024-04-07,study_support,chegg,study support platform,42.0
2024-04-14,study_support,chegg,study support platform,45.0
2024-04-21,study_support,chegg,study support platform,43.0
2024-04-28,study_support,chegg,study support platform,45.0
2024-05-05,study_support,chegg,study support platform,38.0
2024-05-12,study_support,chegg,study support platform,33.0
2024-05-19,study_support,chegg,study support platform,33.0
2024-05-26,study_support,chegg,study support platform,28.0
2024-06-02,study_support,chegg,study support platform,30.0
2024-06-09,study_support,chegg,study support platform,27.0
2024-06-16,study_support,chegg,study support platform,28.0
2024-06-23,study_support,chegg,study support platform,25.0
2024-06-30,study_support,chegg,study support platform,23.0
2024-07-07,study_support,chegg,study support platform,24.0
2024-07-14,study_support,chegg,study support platform,26.0
2024-07-21,study_support,chegg,study support platform,25.0
2024-07-28,study_support,chegg,study support platform,25.0
2024-08-04,study_support,chegg,study support platform,24.0
2024-08-11,study_support,chegg,study support platform,24.0
2024-08-18,study_support,chegg,study support platform,28.0
2024-08-25,study_support,chegg,study support platform,34.0
2024-09-01,study_support,chegg,study support platform,34.0
2024-09-08,study_support,chegg,study support platform,36.0
2024-09-15,study_support,chegg,study support platform,37.0
2024-09-22,study_support,chegg,study support platform,33.0
2024-09-29,study_support,chegg,study support platform,29.0
2024-10-06,study_support,chegg,study support platform,30.0
2024-10-13,study_support,chegg,study support platform,30.0
2024-10-20,study_support,chegg,study support platform,29.0
2024-10-27,study_support,chegg,study support platform,27.0
2024-11-03,study_support,chegg,study support platform,28.0
2024-11-10,study_support,chegg,study support platform,34.0
2024-11-17,study_support,chegg,study support platform,29.0
2024-11-24,study_support,chegg,study support platform,22.0
2024-12-01,study_support,chegg,study support platform,28.0
2024-12-08,study_support,chegg,study support platform,30.0
2024-12-15,study_support,chegg,study support platform,17.0
2024-12-22,study_support,chegg,study support platform,13.0
2024-12-29,study_support,chegg,study support platform,13.0
2025-01-05,study_support,chegg,study support platform,16.0
2025-01-12,study_support,chegg,study support platform,22.0
2025-01-19,study_support,chegg,study support platform,21.0
2025-01-26,study_support,chegg,study support platform,23.0
2025-02-02,study_support,chegg,study support platform,23.0
2025-02-09,study_support,chegg,study support platform,21.0
2025-02-16,study_support,chegg,study support platform,20.0
2025-02-23,study_support,chegg,study support platform,22.0
2025-03-02,study_support,chegg,study support platform,18.0
2025-03-09,study_support,chegg,study support platform,16.0
2025-03-16,study_support,chegg,study support platform,16.0
2025-03-23,study_support,chegg,study support platform,16.0
2025-03-30,study_support,chegg,study support platform,16.0
2025-04-06,study_support,chegg,study support platform,16.0
2025-04-13,study_support,chegg,study support platform,16.0
2025-04-20,study_support,chegg,study support platform,16.0
2025-04-27,study_support,chegg,study support platform,16.0
2025-05-04,study_support,chegg,study support platform,14.0
2025-05-11,study_support,chegg,study support platform,14.0
2025-05-18,study_support,chegg,study support platform,13.0
2025-05-25,study_support,chegg,study support platform,12.0
2025-06-01,study_support,chegg,study support platform,12.0
2025-06-08,study_support,chegg,study support platform,12.0
2025-06-15,study_support,chegg,study support platform,12.0
2025-06-22,study_support,chegg,study support platform,12.0
2025-06-29,study_support,chegg,study support platform,11.0
2025-07-06,study_support,chegg,study support platform,12.0
2025-07-13,study_support,chegg,study support platform,10.0
2025-07-20,study_support,chegg,study support platform,11.0
2025-07-27,study_support,chegg,study support platform,11.0
2025-08-03,study_support,chegg,study support platform,12.0
2025-08-10,study_support,chegg,study support platform,11.0
2025-08-17,study_support,chegg,study support platform,12.0
2025-08-24,study_support,chegg,study support platform,14.0
2025-08-31,study_support,chegg,study support platform,13.0
2025-09-07,study_support,chegg,study support platform,13.0
2025-09-14,study_support,chegg,study support platform,12.0
2025-09-21,study_support,chegg,study support platform,11.0
2025-09-28,study_support,chegg,study support platform,11.0
2025-10-05,study_support,chegg,study support platform,10.0
2025-10-12,study_support,chegg,study support platform,10.0
2025-10-19,study_support,chegg,study support platform,10.0
2025-10-26,study_support,chegg,study support platform,12.0
2025-11-02,study_support,chegg,study support platform,10.0
2025-11-09,study_support,chegg,study support platform,10.0
2025-11-16,study_support,chegg,study support platform,9.0
2025-11-23,study_support,chegg,study support platform,7.0
2025-11-30,study_support,chegg,study support platform,8.0
2025-12-07,study_support,chegg,study support platform,8.0
2025-12-14,study_support,chegg,study support platform,7.0
2025-12-21,study_support,chegg,study support platform,6.0
2025-12-28,study_support,chegg,study support platform,6.0
2026-01-04,study_support,chegg,study support platform,8.0
2026-01-11,study_support,chegg,study support platform,9.0
2026-01-18,study_support,chegg,study support platform,8.0
2026-01-25,study_support,chegg,study support platform,12.0
2026-02-01,study_support,chegg,study support platform,9.0
2026-02-08,study_support,chegg,study support platform,13.0
2026-02-15,study_support,chegg,study support platform,11.0
2026-02-22,study_support,chegg,study support platform,10.0
2026-03-01,study_support,chegg,study support platform,11.0
2026-03-08,study_support,chegg,study support platform,13.0
2026-03-15,study_support,chegg,study support platform,14.0
2026-03-22,study_support,chegg,study support platform,9.0
2026-03-29,study_support,chegg,study support platform,7.0
2026-04-05,study_support,chegg,study support platform,9.0
2026-04-12,study_support,chegg,study support platform,6.0
